{
  "date_debut": {
    "precision": 0.9910714285714286,
    "recall": 0.940677966101695,
    "f1-score": 0.9652173913043479,
    "support": 236,
    "confused_with": {}
  },
  "date_fin": {
    "precision": 1.0,
    "recall": 0.7838983050847458,
    "f1-score": 0.8788598574821853,
    "support": 236,
    "confused_with": {}
  },
  "rib": {
    "precision": 0.6666666666666666,
    "recall": 0.4342105263157895,
    "f1-score": 0.5258964143426295,
    "support": 152,
    "confused_with": {
      "num_compte": 37
    }
  },
  "nom_client": {
    "precision": 0.869198312236287,
    "recall": 0.789272030651341,
    "f1-score": 0.8273092369477911,
    "support": 261,
    "confused_with": {
      "prenom_client": 34
    }
  },
  "prenom_client": {
    "precision": 0.8488888888888889,
    "recall": 0.8025210084033614,
    "f1-score": 0.8250539956803454,
    "support": 238,
    "confused_with": {
      "nom_client": 29
    }
  },
  "num_compte": {
    "precision": 0.6956521739130435,
    "recall": 0.6666666666666666,
    "f1-score": 0.6808510638297872,
    "support": 144,
    "confused_with": {
      "rib": 32
    }
  },
  "micro avg": {
    "precision": 0.871841155234657,
    "recall": 0.7624309392265194,
    "f1-score": 0.8134736842105262,
    "support": 1267
  },
  "macro avg": {
    "precision": 0.8452462450460526,
    "recall": 0.7362077505372665,
    "f1-score": 0.7838646599311812,
    "support": 1267
  },
  "weighted avg": {
    "precision": 0.8684265339928139,
    "recall": 0.7624309392265194,
    "f1-score": 0.8093698505923335,
    "support": 1267
  },
  "accuracy": 0.9597429845266194
}